account_id,credit_score
0x964d9d1a532b5a5daeacbac71d46320de313ae9c,100
0x402a75f3500ca1fba17741ec916f07a0c9db195d,100
0x7578e676b3706aa65a4d7b9bd621922a305552db,100
0x508b01d1597379ed0f1fb84a00297e193e8daa7a,100
0xf859a1ad94bcf445a406b892ef0d3082f4174088,100
0x1879bee186bffba9a8b1cad8181bbfb218a5aa61,100
0x586e32930ac05127de429bd566eaa2758fcbd9bc,100
0x3ba21b6477f48273f41d241aa3722ffb9e07e247,100
0x8c863333c2e92f02e01f7a3c6d131e4d59f78990,100
0x37acfef331e6063c8507c2a69c97b4f78c770a5a,100
0x97f958bea42f40f1229f310de5479a9a3e418944,100
0x80828b03de0b5b7066f94bdf888985aef5d49551,85
0x80706b077af122552970c07daf78efe21ad6cc96,85
0x4e7795ada425ba36f897ed8d9a9aba79a15861a8,85
0xc287db85e211926e2b7e516efd004715adbcfd2e,85
0x4ecee6a6d6acd197593dc8ffb73ade5a5b26bd60,85
0x806add7659fd1fda4b1f2b981a90a12d3373b2fe,85
0xc23eef354eeafa70619a1a37f9139b9b09af826a,85
0xc248c8a14716cd3d18027142d6c00c12bd129d02,85
0xc249edf8f15aeb2ef16d094f37a97b3e8b454d03,85
0x4ec48496d799e4093d6e417bbb54377f8ed50f90,85
0xc27ec7f770043f2d722f7a6925310caa8099d081,85
0x4ebb9f17c06d26a9d6a967a4f6dba4fffa0b0be3,85
0x807de2f1e7df1299ecd3501f1d38878e871628a3,85
0x4e8fec144a5da08b59d6cda33de1334199cbce10,85
0xc26099d928f027172baef9b185b0fd342103d410,85
0x808a2c3b80cb58bbb7cb6ba2290f576d709fcb75,85
0xc24d22dd99aab8b5706bb7d9c0368d3e62e442cd,85
0xc2707568d31f3fb1fc55b2f8b2ae5682eaa72041,85
0xc238d78ddf830494e1ebedd645e3bd2313b5db7a,85
0xc24d8266c47f957a4a4115bd39d7fe1b0366a067,85
0x4e9f7f64bf918e741fe9dc4937002f93e22e46b6,85
0xc2591ca855f201ffe773a3d9223031940ed04af3,85
0x4e9c82e444a3bb518024f159210826f5405723e0,85
0x4e97031b33e5ab3f5a1ac05302d4475a78a66779,85
0xc265cb0a1c965a6dbdccd2d827fd1d8ccdce4347,85
0x8fb11d2a30551122d65d938a23682c7f0479bcfb,85
0xc2351c961181ecd4e682857224e873ebbf956fde,85
0x4ee4228571c22789389ba7068f5767e54c6d944d,85
0x4f43c454af4cf498ea28e4bbf065adca003e4520,85
0xc1c5a7273debae84b7b25e9429c78bf899e614e0,85
0x4f409be84787267e164cb6c623ba47297ed835b6,85
0xc1c9d1a61565c0d046311603035cfeec34f9b78d,85
0x4f3a36c91c392781536348c03dfb8f6e265c277d,85
0x4f38f2da7720f1077a45b80e88c0a78c0144c136,85
0x4f33f5c4eebbd59a32c9a452c9030e5d400e9158,85
0x80473773ef1119925dd6f1effd30a9b1f376dbfe,85
0x4f31a624a3efb2bbd76ea5e1c20aafc51f22a82b,85
0xc1dbba4ecec427456a06e6f78e0ac7ed7b5ca2b8,85
0x9c088d5626ca482fd357e21d2567c4451e2dbf09,85
0x9c05a5ac7269db20da14a3f5e532693f6b96765f,85
0x4f27eb908eaadfea04f6b66847faabaeb45ecb15,85
0x8059645ffea50c4f2c78a9c6351cd2d9d6d9b951,85
0xc1ebf38c0353f7abc6aeb1356c9616b1ee2bcfcc,85
0x4f239dc9aed5cfed050d5898865137120be0bbbd,85
0x4f20d49a5f7c53ce24336fb806a6e08c357e82cc,85
0x4f176cee312eb74289a6be2de9e09ec275cf577b,85
0x9c035924d172a5ba3ef6e544af9dda28a47508c4,85
0xc203142e5090a50d1b16dcd2af9b04f30cd0c551,85
0xc209cc607c81ca7d8c0bfca7bfd6144c74a7e238,85
0x4ef70b3f336cf18d93df18956d80e8bc08e5df07,85
0x4ef2ab73ef2214ebeba6f087a8dcf89731504301,85
0xc2155d4d8e2028f088e1c11b9d088cc899958916,85
0x4e6e60e937bc16fd9b667eef0a8e25483c022379,85
0xc216b5a63cb8128fd6b3af161c943765333bb47e,85
0x8094f015cbd787e16a65ad0ab606c41d78c1887f,85
0xc28972f13093ceea21bbf3c9ef722fcc024d7d71,85
0x80bb0d87dce1a94329586ce9c7d39692bbf44af6,85
0x4dbcf933b09af904d713cf9b570940f6423b0492,85
0xc2ef254f676d9c791d6672454876a7eb33560deb,85
0x80adad1a8328432e5ab1660921c9f0311e5e0def,85
0x4dac2ca98638c1af27eb349d99153dfcae3a4a53,85
0x4da7d97eb3efdf5fa7fc7e30a953e198bfa788d6,85
0xc2f833639b69d46422db24000d81ae3ab49f2bb4,85
0x4da2045185cf421b80e6232db48dadc57335095a,85
0x4da037a0c68864f362c6569060b0012971ea69ea,85
0xc2fadfc3da92bf5c3f14a6c7bf670fd9791ddcfd,85
0xc3047fb109a5f577b759dbbef4558f2ff50abaab,85
0x4d997c89bc659a3e8452038a8101161e7e7e53a7,85
0xc30ee7403256375b5d3e8a46b76314cfe90d4faa,85
0x4d8f96c6774f01799580f5603e8bf1b0c5d62461,85
0x9bd296f2e0cf6d72a6b0356dc6ddad6bc7944662,85
0xc1c0d22af2c6fedb124e770bd8947c4544e57d08,85
0xc3166e2e144392bde8c11f5c365639f722bddb3b,85
0x4d7fa87369413789c6dba3110a4288d97117aeb5,85
0xc31d78af086b9212ca55b39563a8a91524f36d71,85
0x4d71f872ef29074e1e3f3f9ab93b61c462e02914,85
0xc3287b6c67cb79a6653adf909dbbb224e0a7ddb3,85
0xc32b691afda57f9b06fc374eed110702c48dd33f,85
0x4d6c85c3f49079975061f581aa81cbf8499a93c2,85
0xc32e01b7041f7d3c45569d23998a1556c97491ea,85
0xc347f729f60102a94c00deb6e9b656dc62b4f81f,85
0xc34e0727428303010eef33dfe026e0d175f430a3,85
0x4d5c8e9f3cedd850f5bd017fef11a8f78c955c07,85
0xc35447bf6cb51f2be5168b28a50dd65f401c3836,85
0x4d4fc2b1d694d3d7647443b79a7efd3bf4efdb41,85
0xc2e8fe9bdf10db927a2b35e8f9edf8ebbfe418fb,85
0xc2e89a5c8608409a7ae3c757446e2b4284adc40a,85
0x9bedb535bfffe7a9113ab43cf9f4ffcc6a2d35a9,85
0x9bee5b17eb847744b6a81ee935409739f91c722c,85
0x4e606b001ec793670f40520acd49f73d55f497ab,85
0x80950281a199692b4d3b16d304e2567c7d4970c0,85
0x4e5979df67cff9e69082640eff449a34ba8a9863,85
0xc28e23e7d7d6cc0c9c6f08146c71e7d168cae45a,85
0x4e4c6caebfcf69a3cd6c6e8aaf4d0e9233c7c875,85
0x4e4bea4763b0334766933d88e1171af56191b636,85
0x9bf4bf45f15f5e2d1820c3ef09ba1e5c31d7181a,85
0x4e421e523db0a79f8d55dc3dad8304f56a7d0213,85
0xc2954f5752c5bf0f5630dc5b902b69ca09fd5211,85
0x4e37a7058f5293e073c77e6270c825d2eb35a74a,85
0x4e2bf80bd2c4fb7972a1a094b12931a0603e8aa9,85
0x4e248177e428b97b1462a2056a8000c58c4dae05,85
0xc29620835e6e5782427023cc3314badb2c3e90a3,85
0xc29802c4ce7514fac5df242c5679ff14c62013cf,85
0xc299696bf5a4b212241bd0fedf2e8fb0574ec293,85
0x4e0f3f146da2c6c8c023b0d9cac8a4e3af7cda7a,85
0x4e0e15f0f769c6168c425632723a4be719999bb5,85
0xc2ab6bddc2e8bc20776580d357823abf0095f4d1,85
0xc2ac7f93d54dfbf9bf7e4aed21f817f2ce598d28,85
0xc2b40bdfbf13a0b4d38418800c986839eee4cc41,85
0xc2b59c8bc334f89b5ed652e3bda0775d0227f47a,85
0x9befb17f1252396803903f5ff3d7dade3e9a687e,85
0x4df188ee4a43e7194876856446049c5658d7c5b3,85
0x4defa30195094963cfac7285d8d6e6e523c7f90d,85
0x80a1140bc9b6add519057cce54e02ac25b5fb44f,85
0xc2d45a0285a3087284b43c2c500f98863dc1bf00,85
0x80a2b31a010231680e59ba58f072610ad06e9f38,85
0xc1c0eee6b8dbdb48c1b03d47321b79a9d1c42dcc,85
0x4f532e0ae9954a85e5396f3e8d1876556317bfba,85
0xc1b846dcf55f06ff45e8666ab4a3205c8ac37a7b,85
0x5040baebb06a7699867574db0945f9c629b8b2be,85
0x50ace63dad8ffc2686694008fa069fbdd87b1446,85
0x50ab18d96ae33cef2bb0fd2f292b7845468127d3,85
0x50a183b444073ab3991237f9f7b8edb267549e29,85
0x509951036c5cb1040e504b41e01f791f669161d4,85
0x508d2e4443716bc20ff7d5464ab15ad5d2bb6373,85
0x5089db090f97ea2bd82d83cf661720e24d07a012,85
0x5081891d84cf21beeb950b59e445406328c61aee,85
0xc07edcf4549c31d113e8229771635493df087039,85
0xc07ef9fda2d42a7757172f6a7cda2a63599591ed,85
0x5078a6c92fdf3c881912856d908c4798695a355b,85
0xc080e234dba2545e93872ce6e96e683a4e29046b,85
0x7fec53b2a2c3276d88e4d5fc8238b75d573e3ac2,85
0x5072b74a5a855bf9f575bf96ee42560a5e3e8165,85
0x5070df65482b1e7ebdd77a552ec467e42531f51e,85
0xc088cbbbcc5f25c2705b6c73b8bbcfc3dee8ea21,85
0x7fed65a11b8e458d59878744c0f45506e6cc8525,85
0x7fedc900d28694b62925874804564da527c0d735,85
0x7fedd97be49ba9efc21acc025dd29aa7addc82f1,85
0x50612672e56b6bf3b5323c014bdeb8b5ec543ac3,85
0x7feec9913c9c949bfa92c2345c1dd2030497150d,85
0xc09d3402515676b81a2f768c365146ea3faa5605,85
0x7ffad4397ca4a3b8d46f0856d273c3e15d3c9f4c,85
0xc0a94e1bab0b4ac978a4fc00b2f2578ceb22bde1,85
0x9c2facf300e58feb92bfb569572ecb2bbafcbdcd,85
0x504d0e5a15de34d794b0dcf084b1bda8088e956c,85
0x504af2b739bd8cc1781933467ebb0fba59e182a5,85
0x50491bf5d8ea8d23aadeb482be496590dab34fb7,85
0xc079ee6f657f1091a1261fc1991bffa8839b8294,85
0xc068a625ef521ad6b12bbb5e528605d38f57eaf5,85
0xc05ed3229781d95f907e2cdfe503ed2f80c0fda6,85
0x9c3914ba3e8e71f695dc56d104df6b3324272151,85
0x512e07a093aaa20ba288392eadf03838c7a4e522,85
0x51261de669c550db1752b2156796aea7f1e4f0ee,85
0x5116def4f285b3a8964c9d915b717fd7c7c4c2ca,85
0x5116ce50b9e8808b11b5aca6d591220805542e0d,85
0xc00ea50a39b96883dcae16742c5f973850ebd526,85
0x510667ca8a1f327f66b12c00e63b7100951f53e1,85
0xc00efe3ffb3fb8dc2846943baed5295f8b4a8047,85
0x5101ec84b57834cd46e866eb2fcef4bf9a4c7045,85
0x5100b47908a06e099d5185bf753d033fa2b7ceac,85
0x50fe0bbed4a5247b77f7fcab00d0dea12cd29207,85
0xc01b4f277e0fbc269d0c09fed61f49aa6d7d579d,85
0x7fdcb9e6a6d2502e075e016a1d2ad954c29daab8,85
0xc023b9f7ae09856beee571a4e2d66f0c1de9bba9,85
0x50b8bace1af48137ae7383f19fadb2b7ee9cb0c1,85
0x50f2b248efbc894e919dea658db3fefe8f325e62,85
0x50f17b6a6e32c6166eda418ed9912a5d6ba40544,85
0x7fe8992a6b83b5c5b4491404ddd88de8fc6496a0,85
0x50d8a3e750ce627bae538b5d48ac0ce396e252f6,85
0x50d282ca323bbebbba8362c67a4eb54b7e1de780,85
0xc043d304f3f0c2d620b232db137777a028907fa9,85
0x50caaa1965252a5bb459b6ec5b07e6fafc9e6399,85
0xc04d6b100cdbb807bb7913fa68ff0d5990e43dbe,85
0xc0525ab4310fd8cbbcccfe4f3eaca1e4203662e9,85
0xc0540037a382460dad17f5edcc21d507042377e3,85
0xc055845b369fea0e328f39e487115261635a75c5,85
0xc058e7dcf8154f541effa338524663b785788d60,85
0x80016e303ea11ed74a57758c4538ad42c285a858,85
0xc0d36baa97c7ba2c6e4e220f1de013523d9c2770,85
0x9c0d566b965e4361833ae5207b5544bb35827e18,85
0x5034bf821da9a74b2ad757d146517ca3a384d702,85
0xc15792b8578fc26c10de7f88191ecff579151866,85
0xc1667e959719017fafabf78c5c265e40d5c05d36,85
0xc167f4f51a89cfcf79dc2bc11fe137194ea951f1,85
0x4fb252ec15391b16f7da690ad11ea3f89669f764,85
0x8018b586e6c6ceae979d83fe2b938de88b454793,85
0x4fa7811bbc4d7446ad0dd3f39538049df2af2ad5,85
0x4f9afd65b601d7c56ad5c2074b1455ed4728a1cf,85
0x4f967550c81737ff8d7b826826a600992896affe,85
0x801d4ce705553d3489b46c5905a3820b09e55b4e,85
0x9c29f1b4bdabeb3f18819763c7ba791558fb5d40,85
0x4f87ca763ac635958093efca9a6f2541078704b1,85
0x9c1a7833f55472ceea2fb9f0881c7864c76d1778,85
0x4f80bdb1ad0ae62e1a7b156f4f89382135c81808,85
0x9c15589bf62f0679719b8f0bdeddecd88249ed4b,85
0x9c14b155d57962c26e66bd7fd9794cae483c6555,85
0xc18a3fbab238cdef9741514b2b5fe28ebc49fd0d,85
0x4f74a07773c735b4ed8bfbde6f346b483b666657,85
0xc18af8fb948ac55194187ca143e45dbdb1df17a9,85
0x4f716f5948d65ecfa2d338c330dc11dd982d145d,85
0xc18cd2371e8d0fb2156eef797026cb8c9dbbd09b,85
0x4f62b37b30ec6bd8a49e8c8a6328a3b4c725a418,85
0x9c1019329ea8a93bd9b9937762ba7a5b2b6ffd9d,85
0x8035ad96953db163cc85657387aecad9e59c8950,85
0xc1a0a697990d56af43fb7738da38b3c174e4e49d,85
0x4f554e30654369e2cad5f718754278eefe2af7d0,85
0xc3608e238949fa912d3e30a16e8e646a193cd9d6,85
0xc1a877850e703581ee58f51cb6908eeee1d457e7,85
0x4fc45c7a20d5479c24c56b527bcafb930cae4e80,85
0x4fc727fd31a6dbf41920d4e26049cd6b5222885a,85
0xc1558ff8d5e74a36a4931399fad48f91e6016cc4,85
0x50081c5d445eaa793ac63895bf34bdf650f21eb2,85
0x502f456c9cd2e978f1f7330faf35133ad33b5f77,85
0x502cb8985b2c92a8d4bf309cdaa89de9be442708,85
0x5029259f5f4125d6517c2082b8b942657af3b509,85
0x5024b7b5e6946c55ac843383bd1e89ab3ebd47f5,85
0x800957570341ac3d9f2e5632ae96322032690e2e,85
0x501b8aa6d00763209d678156b094bec1b790f3ec,85
0xc0e80121b773d0d238081a179f7edd0e019257ab,85
0xc0ec9e56aa2d76c4995c88cd834c033e05e1595f,85
0xc0edffe90b881b584a3a9d8c39dd24aadc09ce6b,85
0x9c2e9c7019d60d0972067e313f3a0c4628442021,85
0xc0fa664a00d0ef171317571c1c860660455a4d66,85
0xc0fe7f519ae04b9d73a9f5daed6bab4baba12def,85
0x5007e38b90b3d74d344cb624b029c7fd2c7b094b,85
0xc155875f1c649d0b9ecdf137894f3c490182ed3c,85
0x9c2dfd5acbcf22cb9a82eaaee95824faf5e1e035,85
0x801057dbc0b5f5818935694e15bb5c0052b2c9c4,85
0x4ff0ddceda6af4adc3e51bae879aa2ef8accacb3,85
0x4fef61264048147954d182d26d27acac9b88c348,85
0xc1115a27c6abc21a72c25141374810091cf7c39f,85
0xc1228273c77a4939bcc42a0d8f7b0077228e7f3c,85
0x8014a798ca117e4c44047f5c6cc617bc54296284,85
0xc12e66fb2c8a137bdcc335183803273f3c96d470,85
0x4fe5e3404bf473f7ab23d0a646797bfbcf8735d0,85
0xc130676df460bf2ce9c408c0d7adf0f533fde621,85
0xc14789371df437e087a5e232b05b785d285113f7,85
0xc14e24cbdb5d5d485c335ce3c970c74713893064,85
0xc35d6adb365d9a4418f8386fa522722e61dc7a42,85
0xc37027c11b6b416462aa7b589e6f7937ce220327,85
0xc3653b6bc661e8e618909a915330a357811dc562,85
0xc53e7040ce1d891d59f67cd2dff36b32d4db1f80,85
0x4ac7b96767c0f6c22cc3defde91d345129a293bb,85
0x8133a5dcba30387e88b8dd3b782797ae00defcc0,85
0x9b95e427b41522a0184d8c67797495426640ec40,85
0xc54a5f32bc53f49ebc4fe69c6ae60ade91ec8a35,85
0x9b8c71177988d866aece72ed284a2dee5a5c405c,85
0x9b8c21879cfc139e29d449959befff5b60c65f48,85
0x4aaaef39ee06ba3a9f7d579bee7b9e451b305729,85
0x813af5e70f6e80911599190951a95ffa4b9bf21d,85
0x4a95c204964775ec52b1027538495b81baa306d4,85
0x4a931b758fd4deb809e60076574a0197bf65c744,85
0x9b7b2b4f7a391b6f14a81221ae0920a9735b67fb,85
0x4a8f6434499f8c9371a98db9824b4b8ae2ba9fe2,85
0xc558d9cb4aeb612b78860ace183f7b9fb4506728,85
0x4a8e52aa23fbc3532c2aaacffb17f8aff58c963f,85
0xc55b3b8545eefdeab26409c0a61abba23b6220fc,85
0xc561361b2262e25db2fd41d8a53cc92d672ae278,85
0x4a88a94079fb1acf2533302cc5afc126f12c6739,85
0x4a86e4fbbf5095d769b334c14fe1fdf21d8c00c6,85
0x9b797f79a3fdc6df1ab7bac90534f626c06abbef,85
0xc58004f9d2ec7d54cc598f8d4cc41044a460bc8e,85
0xc583ac5423fc4a266ed754dea83d753919eaa660,85
0x9b77c35f1f7efc75f9c0dbe5f5ffd082b7cdda44,85
0xc587da824d854b0f6d73766e159b5f3b453641e3,85
0xc59508a291ce2a3bb3db6aabcaabb1c3ece79212,85
0x4a6a6af32c84939884e881d03f650e26db5ff86c,85
0x4a6937acbbdf30fc3fb94225d3a01e8b28ea581e,85
0xc59f40928f3f16f86c7e4c9137b9250302bfccbe,85
0xc53e7d22f6cfcb20c01ed25620cf657a46ac01b3,85
0x4ad1521f4aa8f00cb453eb25d347a75a45311bb5,85
0x4d3a79ed1d632478a9c6474432d51d0753f3bddf,85
0x4ad27ad1fb2001966a6899de262ce5b25836d1b3,85
0x4b2c289a9a475554ed8791844b2e0d03924f8358,85
0x4b2b8ff90fc54b711a062c1f1d8dbc8f29b6dccb,85
0x4b2acb5a7fcfee322ce3cd8344ea466954fde7db,85
0x4b2a7ec2ea26fd0650a874b87b10be15f9b3110c,85
0xc51826d1c9a2a18a5b16aaa1bdb6ab1a48ddc525,85
0x9ba4ae48b8ca9e98e511b3371a4d454d1a3e1003,85
0x4b217b53e591ce01759b90b98f773b57642a7a00,85
0x4b1f2b10a8c7d8b37ecf45659cdeddb54f84253e,85
0x4b123bcb38d21a5842f7a90437e74487a6ee3262,85
0xc5272d151155eb4dd3dd7b1dc9fdef835e30cfef,85
0x4b0c5adeef81f94e9355a5e443c790217a2df2ea,85
0x4b04082a2e402047d63eb47b7356e1d8295a1125,85
0x4b0322e23d4de507fcbf591a5297ec11cfd7e98c,85
0x4b01629a1baf82d8ab62726776b1332539e51cec,85
0xc529fc3cd3cd40d0e62d27978742d2b96cfa8f7a,85
0x4b00a17a8a4c7dc2f71777207b1c1bd6c132d394,85
0xc531052de2dbd6672ca04de86beb5cc705253d05,85
0x4aeee08c3187fa1ae768e6264898397f339ac334,85
0x4ae6bfc52a5ecb3fcb12fdad9985f3609762f303,85
0xc53375373547e584d37d9875bd3403d08b97ce9e,85
0xc534cafac4405402fdba3c253ac930f0451a9e59,85
0x4ae0dbd5c700c64faaf85678fc1fcdf6aba5c5dd,85
0xc53539fd4d109840dbfe8c759ba7fc2e7200709b,85
0x4adc96b28ef71496e8f248c346f85ce2e1b451d4,85
0x4adc2d544161e4de41a0c609ff930cb0070d38f3,85
0x4adaeef3521509a73d6f71177c4ee2cdd184b734,85
0x4ad610b4a338c9d1c4820ecc53ebc68d35b35962,85
0x4a680d2ecfe378bdd741631bd46524a23bf68edb,85
0x814f89afdfc84b56be3cd1d8ac754189f96c9c0a,85
0xc5acc8b174fd59ffe9c6edc80fc5fb0315acf2bf,85
0xc5b1928cef3298a5b27a09055bd57149c19edd7e,85
0x9b6cdbbba2ff3e2e4650958aa18c3c8893e427c5,85
0xc610ac3017b833337d2e68255855436d3e0ff114,85
0xc61b7f26367d6d8794f6d5f0395965e1da017067,85
0xc627613f7a9234e0417603b7ace342291add9dfb,85
0xc627f9721092a74967a2350004dcb914d02a03b7,85
0x9b6a90997514d05ae15b06262d9d60240c67b7ad,85
0x81818e94f63c6f31569dc69d26cc79558bfbfda8,85
0x49c988cceb8fabff203fba46dc79e2a4d9da06f2,85
0x49c2e834d1f7549945f06a9ac8d6702d5f5c110d,85
0xc637c04d7acea23362d94ddafbb7e28d4150b9c3,85
0x49b61b0b725be7ee97361318ea6711f5ccf55ed3,85
0xc641c9ae4379c3467bd3ad2516e11feef0b73d53,85
0x49aebeb43a6619e4bc4313e5648f49be8bcc9963,85
0xc64737eae97ae7cfd95b40ff690f50d01b92ed6d,85
0x49abd88df5ef935c5d3c2917074350c0fed654c5,85
0xc64aa0781e6db99373245e93dd6419447bec8815,85
0x9b68c42f9e8291d4731800c35f7ed45fdd50260b,85
0x49a1eb39534f378722036d41d3ab5c92e86b55cf,85
0xc658cbe8317ed2208dc807aa856c888764d93e02,85
0x4994bb81a7492fd420c8369a76ae74e6f696d12a,85
0x818539ad5bc9f943a5ca323a7f9249fac62f25af,85
0x9b67bbf26fff9b8c446b344959f3eb43168c2734,85
0xc66293c36e206e2205375bf08ba8918a2169c520,85
0x4985bc3a2b4b92d5ce9c8ebc6d080798ea3a049a,85
0xc66a2b53b98e0184f2dbd3b2e6a4f4bf3283127f,85
0x818ca580a8d281397c6ef7058eca12ed61f8763e,85
0x496c34876a2ff1484ad8b5823fe577a2400b1ea6,85
0xc60a2cfc08b8f3e27cc7fd4fcfdf88a6cf6422d7,85
0xc609b765a175fad4b6de0f09b52799944eb58312,85
0x49e814db8fad8edc72b81c021a22845510982fc5,85
0xc5ef1c84ea5c570979da35eb7c068687d15709ee,85
0x4a59489974900b48b8d68895544e2144cd29ee0d,85
0xc5b21f5b4cd84a1bac5b72ced9b19fe3bf895934,85
0xc5b22fd5280983ab338859aacba9335295c397ad,85
0x4a4c3b84089d677afb9ccb3edfd24de9f29a0343,85
0x4a455167c7c6b2a19ccf4df017903850e0ae4b55,85
0x4a43d8bc5e7b54a3225b4bd49dfe00ab28640e94,85
0xc5b47711180835657c5471dd49590f9b96e4755e,85
0xc5b87fe7a85c0fb5918c93b73ff686115714f8d1,85
0xc5d0637afc6536a8dad2cdbd42f2a33204f8d94c,85
0xc5d16847874f3c47c5dfec353d01105896459d0f,85
0x815721a8b174a18aec0c434706c289b08230f3ea,85
0x9b770e4300084059fafbca51adf7a3177d30723c,85
0x4a18b6219f29b3cbfdf980fc2ef1a644a2ddbcef,85
0x49ecb8ca5cca9a65c8450201935c609f62490303,85
0xc5f3a4b0635f65c574522e6a3fd8e57c7a348699,85
0xc5fae047666e0903ecc3b228aa3ae5c544beea94,85
0x815d683361119cee1263afc1dbb4b7efa9231b39,85
0x815f7b8c106454d725941e71cea707a958fef47d,85
0x49fdf4235c70bd2fc3ef3e949005829e3d7ab4c6,85
0xc608abab7762e4b14b5693d8aeb4e848551a0c9b,85
0x49fc009dffefa57260cf302ef32f5a2b82ab94de,85
0xc609ae47b3b8c227d7545b12d8375781483209e5,85
0x49f946f18ff378ce1f594b8ba7bb9222dad2c40c,85
0x49f868b1f20232677d0768dd7cda78c230e293ef,85
0x49f6c3db51c1f4b6d70ffc3b8001fc69c56a7504,85
0x49f53707f7c4d4ccbe0c620f717d656dce74a4fa,85
0x4b2d0c42d444ef7f2affc41f648e5882ad2189c9,85
0xc50eaaee441566b4ef4f1e3270d19f24223cddf4,85
0x4b2eb790575709667873347c4c870ae6a6b2c66e,85
0x80f5a33e233edd9b2aea73c76ee40d52714088b3,85
0x4c8981d5b40c7e7a62baee91faf0249a284086c2,85
0x80d5bc1168744a49d2a42231ca15fb4db20bacbd,85
0xc3cb3efde49188a26f97a7a4f875c926236850d7,85
0xc3d012a4a916042e18efd98a1b95432e89df8348,85
0x4c77ca7ff8e548806fdc88e4dfa8ea1e493a450a,85
0xc3d4033d9ce45a184d62041199a27e4a17f7082f,85
0xc3eb7481e5989214001f90a25e53397fdf0e8476,85
0x80d6ed65c0d84656e057fb7e664d619082575bac,85
0x4c6a40b680cfea82d41de6c5f2db782e8341460a,85
0xc3fb22eb8768a4691b96140d15850b06ec0db8bf,85
0x4c6831eab474565b58dca895a98e696505c0d9ab,85
0x4c6261eca5fa15fae6cc6c1ba3f872a7edfbeb6b,85
0x4c5e9057ac88c095afdad4b07b92ed6745ae68d1,85
0xc3fdadbae46798cd8762185a09c5b672a7aa36bb,85
0xc40c82d5917f74c97504c5de063f7c4eb3a01750,85
0xc40fe4081096fbfc77b56893a1384550681f699a,85
0xc410fa737c0a6cea167a8a4281505446a12eb720,85
0xc4159ea0b485da5c23971e7847477db135e12bee,85
0xc418468ee6c99e52ed837acd812bb82a084a479a,85
0xc424e90ace50df63efe178ed5f28cf3759cf51ea,85
0x9bc667e7b703dcae64545f79eae50d392b902edf,85
0xc45484c4a27a1ed0ae36525e56697748f8a689ee,85
0xc45cf83e7e06e655409ae2407ba9a5a9d9972f1e,85
0x80edc80bffbea5d6c053c0420a7d431b693970a4,85
0x4c3278cf1c45a3e5bd2000242207870b6c015cb8,85
0xc46632acfc5fea89c82742fef3ebb166ed749faf,85
0xc46717a0e137421d57b9e9eca3e48fbd238d466c,85
0x4c8a353564041747101a98e748cc4e3a903fd34c,85
0xc3b439e6364b3f8d07754fb782e509e53b3d0b1f,85
0x4c977ee99f10858e468a1df172d3edd4fae52db9,85
0x4cf846380a1cc53af76816e9ff85b7d9a42aa75c,85
0x4d37f28d2db99e8d35a6c725a5f1749a085850a3,85
0xc005d5332b904d49ad63b7a0125b12777c167b77,85
0x4d2a5f03821941e7ee19414e667b2b9868b7d73f,85
0x80cb8379af578c33763ed4ed23c0107f74598823,85
0x4d16cf3c4f4baebf9d219578ae4e677c8716d4df,85
0x4d0e2a4454df9c4c4f7b83dc1e0c76e08eb0e457,85
0x4d0dbd74717b049c574d57cbd91c71dc184228bf,85
0x4d0cc31a8e6b834a0ea30290f67b88f1d404f576,85
0xc372a2c980c7bd722423a00e507a57926b0cb49f,85
0x4d0849feca20c2c703c5c0791c9b8502502fe8fe,85
0x4d05b7d8b81933d1c467ec30ef4d0b7423364d27,85
0x80cbe79db5cba89d98b751d706f76b7980176293,85
0xc373decd953ed7e4fd78f4c39aa41a44448fb6f1,85
0x9bca96ddd6bdf784742c2fbbec3cc1d9b5593ec6,85
0x9bcc7d277d6a356465666a1f31c1769401b22ec8,85
0xc37b24541b22054a272a66d714526b0f7f631f3a,85
0x4cdb6d043b945dfd9d33946787326c2f2dae93cd,85
0x4cdaa5767b6eaed95f1ddd1a34a01ec3682743f2,85
0xc37eb6976e0dd26597c823ad33aedbf3ecb7b84d,85
0x4cd182df14bc358a547efba027e28dea3f3b59b1,85
0x80d04dfe928fd4ad4ed2ce916644b396b70c61da,85
0xc397c3ea462a9a777b74f66e12db2aa3913fbb40,85
0x4cc6cb9e547b20db3b36f01a272511123bcf39f2,85
0x4cc63b211fa818718d0ba2542af8c9e4a8996202,85
0xc39d34e038909a98996e01613200300d6b28fc19,85
0xc39f6d6f87ec252725e78381084b46f0536639f3,85
0x4c1f7c394b9fdbe23dcbe64e7b537b5354c71b24,85
0xc46bbcd460b0a29ea753c6f166da4a24dd45b584,85
0xc504ff678d7959e5bdec74d9953b37885a9f99c3,85
0xc46e0de70df522bd1e287860f90122a5e267d232,85
0x4bb2ceaf57c0f92d4ccdce816a1c4d2088aa9649,85
0x9bb157357895f07e59c239f4c8e9729d83249854,85
0xc4d989fcb0b270b11af63ddbaa08bffe638969c1,85
0x4bab5d07c9d53f5c1dcb3a6ead643b5f86f644fb,85
0x8108a649ab2fa2832ef8a8e88c921017fccec2bb,85
0xc4e9ea6ecb52d3df37a9ebdfe53beff86a4264a9,85
0x4b99acb96beda975cdc96c438b5a3b02dcc8707e,85
0x4b8e4959643d3c724312046b11fc8c5eaa4c7485,85
0xc4eaf72bc568d82bd82e7a1c1c0d0fc536984dc7,85
0x4b8673ca1b5c9f08cfffce527fec9173c35e27f3,85
0x4b8156625767d686b7b18d08e780d101a8e4f3d7,85
0x4b80761dd2aa8cc919c15080051e36bfd9ad92cd,85
0x4b8012c1f1c394c8ac6d5511f2047b4da4955b23,85
0x4b7c86cfe136f79d40bda6010252e0e8ff0d20ac,85
0xc4f6f3a1aab065b0920d3b2c27004438ec437f75,85
0x810ca7262ec8b843006711d529149e43e3e2c410,85
0x4b64d0184b0676e3d4b79c96e9123a8583aafd4d,85
0x9ba9b7c67aec7ffd2ad2698176466f57d16f3dd3,85
0xc4fbcc6643ce3aafefa9ad6ab35be85ffacd306f,85
0x8117b86882137689babc18eafad86885171f3553,85
0x4b4c129f619cef09246130769d92d137b771cd67,85
0x9ba76d52b3e456b0628ab7caf2c293d29068f8c9,85
0x4b3ed1104ea08489cef07a5b65fbe98f5ce9d8d5,85
0x4b3a7af8c712d2bd0068f012a9426d2dc1073d2c,85
0x4b38d3b4fb1e5a7674b486a89aed5cba5614613c,85
0x9ba6a2ee33bf0e65c2b4e43acdfd73ffff033100,85
0x4b3175f9b2d96d474ba1758b0c994b41ff7e161a,85
0x4bb2d92728f9f8522607e6846bc0599d6e6214f1,85
0x81042f7f99a86d3981308e72feb36bd791c31920,85
0xc4c51e102a9226075c55a99bcdd830f36ee0205f,85
0x4be82595b054ab58de4e69c5c0f2f5bcba0ae7ff,85
0x4c0e1f1c80090b6749f757262c267246aa3ace64,85
0x4c0c59f3e1e8727c60ed7bdddbb454ce4814458d,85
0xc4739258bd0d1be68ed4593596f41353364c47e8,85
0x4c0aeb88a7bf3aad6f2523093b87551b394e90f1,85
0xc479501d96f67c1adc7ed30e0ee5b3ab890a23a8,85
0x4c042dbd916bc95307281ea67d08964449fa41bb,85
0x80fa73259431d797fbb71606d3fd62e7d99197e7,85
0x4c02210a9a48c400ef24308a491eaa50a97e93be,85
0x4bfc7f72b5fac39a48107436b8d0c1bb128de348,85
0xc4925ca90d15f19fa8e629f44db89ea03963d153,85
0x4becca336d9d7ab7aabddabc7985b26d683f15ea,85
0x4be9067f59f4c13b60033cc0a5c9c8e2c3bb7991,85
0xc4926960fa992284fba51e6bad20d298f3b8bdcd,85
0x9bb3028217496d274d6d780553dbfa76e7190b69,85
0x4be62e3d318a9d774f46daf4f544990739bf7c10,85
0x4be07b41f874a11bdf5f78d4e850d06aa4aebb61,85
0x9bb9e5bb9b04e8ce993104309a1f180febf63db6,85
0xc4abbb0099c3db6e8bebd3693ed66f7fe020f405,85
0xc4adb9b007999a21a61c7d989150ca5bb30c585a,85
0x4bd39ab1a3f75fd5a952e2f2b6f71401af11ea72,85
0x9bb37ff92281d53041d4efe3eede19f416818712,85
0x4bcef78d37d9da8a72982e4565c6c502f9ddc426,85
0xc4b485a4a6faf2a8e17a57f8ed198f058fe2b408,85
0x4bc5dde8b7cced62af52ea1b5f90f530d102f06d,85
0x4bc2aadf0ad0981752da5e1287e7268354220cec,85
0x9bb3075782d51adb03ed3ddbd7b086e1ba5ad45b,85
0xc007ac2eb52098d489cf74ddb47bdf7a67e14335,85
0x513d9f94272c36121adf4bece7ee8685e74305fa,85
0x5134b9d033851f640d02340247d66b957d36e523,85
0xbc597604586e614567b21b66ecfe55eaa03bbd00,85
0x55dd34510620074400d809cbe2d529637af9a8f5,85
0xbc5e10afd9d9180a32b4635991346b56d95c1960,85
0xbc5fc38e832cbc9b1764b8aad8ac804c5bad257e,85
0xbc62fe542d5ede1cf60695b0f46faece0d2260ea,85
0xbc740c6b46435daf88fbcf4181d774d67439b942,85
0x55b6639cd1eff708c06e7d56d2302291c3b1173c,85
0x55b431d9558bc16ecaffabf0437d1a5fc4437117,85
0xbc745f0dfae49492cd35a21f8ad29852d02df377,85
0x55b257e1ba674d650e0c8905c8dd1560cbe2136c,85
0xbc765c62de7c497e499e3bd7a79c347adb9c73d5,85
0xbc77738aa2ede049edac45a8a9a443c5415e6b7a,85
0xbc8dafeaca658ae0857c80d8aa6de4d487577c63,85
0xbc927cf46a2c9de51fe3f950508ac655fe2256d5,85
0x55a3df57b7aaec16a162fd5316f35bec082821cf,85
0xbc937bea0a2c74669432992c90517bbf85aed8cd,85
0xbc9c92922d98f2896e173b6c197b7fc1674324c9,85
0x559b9b91ac3abbe7a30aad2d0b3de3a199d3e8a4,85
0x55881723bec59e26a3749a4eace7dbc70a2b41bc,85
0x5586322c2f7ad748f824a5ce995b6fcfe23776c3,85
0xbca7a1e8fe84b826b138680594e27886989be0d5,85
0x557921c5bbc48ff0c709514d41d89732857298f7,85
0xbcba34246db4f560fc19b9a56111b90f8cadb248,85
0x9ce8b7db728d206da1ccfdd52ec5d4f932cb0587,85
0xbcca5ca65bc559df3a7e3590be034e66747ff19c,85
0x5557d2ce565941641ee9ec7fbc4c2da31526a7ba,85
0x55549a57c120dea4c5f9b49479a9561065eb01c8,85
0xbcd3011a0eb01c6aa79db405aabeeec55cb663fa,85
0xbc5d97c82e99606d3540defb3dc55b4b6f934a3b,85
0x55e9cd493420ab4312baa8ae2feba35c82b6312e,85
0x513939949020b99341ba8008d2e8c8ef739cbcae,85
0x55ea6bef88de368531949cf8961532b9c03c142f,85
0xbbfc910c99577c3940c3fbeda64530c9939d749e,85
0x564e2e46bc8e75ea219dfb8e1236e4ad092b83f9,85
0x5647d72c3fa800e89af96115fa7bee927bd8b43b,85
0x5644bdf1cd5e6f9cb0d96493369b572b09b5e306,85
0x7ed40353909c23fb61bc2bb29096ea1bbe53f966,85
0xbc0db2a07d8597a3b15c8f8056bfb65f8ecc6f46,85
0x5632cf9a1b4ac936a3c6d3d66eb75c0344c61c2d,85
0xbc1845a864aa2a7ba7513bc6837ff7d66ec191c4,85
0xbc1bcedbdce23013ddb726ed1fc297614dbd6293,85
0x5630a9be46d6b04c1732a86c91905ca029e2f907,85
0xbc24870f9ae2caf754836c1c7570907c876c8df2,85
0x56280efc54a09dad7d3dc2b8d1136ad8b7a21ea7,85
0x7ed6b8b5609bbefefdf8fb345f35fef88360118e,85
0x561d8aecd0a82e0b6085bab8ee6a1a68d3bd27ae,85
0x7ed86cc196a2363a99dd1ccf553884781b0115ce,85
0x5617a73946bcd6ac851f075093cb6d35fd17fb45,85
0xbc379a3e3a08280e9a87e927b31cbe68d6bb3d91,85
0xbc43ee34979ad673f3f066b5ebba6859808da893,85
0x561445dcad87cddfb1a3b21bb3d1ee4d5e73b485,85
0x560cb2cd38fa454f7ad5fc1f2d8fca3a2f08cbcc,85
0xbc45715240433801c7a92cf18577d20968884cff,85
0x56002691aab1115fb56e9867e4c65198d7945a86,85
0x55feb1e97735d9c64f4764fec77e5b8ffac55ad6,85
0x7ed97db2acf8f3021f58795d8c6a0e68b541053e,85
0x9cec09722cce32ce4cfbbdc524beb35e5358af71,85
0x55f0982521f7c56fd2b9ab5c2f625d0f5d2a598a,85
0x7ee1d1d9d959bb516cb6d22bf38847bb1fefc33e,85
0xbcd76059ace82066129dcccc8c7cae0bf33541e9,85
0x55499854c97b5e34800361d3e76ebc9b7ff657a9,85
0x55492779cda52285ef6103296cb54e3aa6916c42,85
0x554258ef593698cab6ba67ea6ad1347c10aba648,85
0x9ce019e64181654865e413b9c10dac3dd1ffd50f,85
0x9cd427150fcba94a8fd21cd863645faeba517e2c,85
0x7f1b9bd50b4be325530c547e8d5015fa444271ef,85
0xbd3bf40beebea315327cf69ece02431338f7efe7,85
0x54b45b82dd69854c39bc4346197f4a7ddcd183c4,85
0xbd4049743e35da8dee1f81cba0a851a09118edc3,85
0x54a63836e920850f29eee0c98d1a2f851349451a,85
0x9ccdb5b96a375af55e119050f01e92d764b9a2fc,85
0x54a3a8245a5135f77bd6aaf7cbe632836ab8a0da,85
0x54a39ec64ef96d77478329685775b5cb9d1066c1,85
0x54a22a7712d9dd85c5953362c822390521bef0ec,85
0x549c9445aaeff1495c50245c28acfd087a26094c,85
0x549adf7b383a1645f26a2acfe09c5304b679a532,85
0x549750e6b5b40e627365bdcf7f7780dbfde113a4,85
0x7f234dd38c33e263fc338d3d06064c8fbef39c89,85
0xbd57030f8b7b4eeac3eba31fadeec702f35f4e2d,85
0x54900a355ab53686acc198553665c0fa6810fa0f,85
0x5488034d7526317cfc5db4f98928e0edf45ead13,85
0x5481bbb908b34e4632c528e731004c5cbc145ba0,85
0x54812a2f351643c081844ff89dd6b4cf52d9c695,85
0x5481082d92a84e972bb0a02dd833f2d28a224e6d,85
0x547fa44cafc883b104521cfff483a3747e4da885,85
0x547f0a7816ccaf3b2dccb1c4401799b440adec06,85
0xbd580d6d5ab92eabe180d553a7a849d5ee87afdf,85
0xbd5819f83beed4bcdad82eec50fde5469df80479,85
0xbd5a0ee9f146db334662e09197a71fb4073acac4,85
0xbd5b732a7cc8cd3846b3b965acdee17532407e2f,85
0x7f0f0d5e756f25418f3d1a2a89b1bdd23cc453f8,85
0xbd170ccda2a6447c98ffa631486fe21c0d34b78f,85
0x7f0d93507b977e03b725d8492c15aaf87f6489fc,85
0xbd0310dcb5678a02a6268526cce1c907e674ba8e,85
0xbcdd6bafb59e06072f99d489314e246316462667,85
0xbcddca78e04aa957d3a6eac5aac9c75ff16583a7,85
0x553de6c52ca165f63196b5dd80817f8636d029ac,85
0x7ef5774cb1cb4a6829a85738d4c6956e2edc5be4,85
0x5522abaf398c2012932bab78f64905894ab8de11,85
0x5521c69f7cbc36ec40ac9b29c0b869c9a115519e,85
0x551ff91a3cda6794680f6df2c93ae70f062cb28c,85
0x551b6d337c8c689a66dfdc29373ef562f61f9b63,85
0x5519b78b0f40d62a110c787317a9833f36d937d8,85
0x55184e32d193ff62bc2dac05ddd8494e3388790b,85
0xbd008c52b3ff74e4fdb5edc68edac8ffdd12b05e,85
0x551585302d2a25fed1fdeb4bed3e4c5bdfaf07b3,85
0x5506ca762fa454211db45c2ba01d6070405472d3,85
0xbd14bed6e604047d2da419ab4075867c1ae80351,85
0x7eff5a0c4f547da16305290c5521bf1a9947d29d,85
0xbd086f196c010be4d487a6cd54dee584439a54ac,85
0x7f005977a40e345e3aec066eb464eb12120604be,85
0x7f0552c8a225b9f62c4500f3e878386425da1324,85
0x54f987c0a786031357427211046d9e7ef61f3891,85
0x54f25242df81bcae7869d5f6c1b3fecb4cb5b9d0,85
0xbd0da1ffead1832b420c41b220c7e9d4353ab636,85
0x54e9d837e449cc4c460a6ade980936e5a4d1e9af,85
0x54e250ea9b59f4d627b7c35570e7acd688916ba6,85
0x54e19653be9d4143b08994906be0e27555e8834d,85
0xbd0f8a8b7404e001764c4ee25848516fc9ca5d51,85
0x54d6572fa9b3767d5a88d071fee433e3f066ebbc,85
0x56535c04fe89561e7092f472b2cfbd6966eb3a2f,85
0x5656219a757c176539e87044e133db3984957c85,85
0x7ecb7a50d54d7985604dba59acb2705b0871572c,85
0xbb2e36efabf91bda1ea26b814825f70cd5499e8c,85
0x57a5575dfb19b6dc6822ffe978f281f3cbf51f59,85
0x7e61f47d362366daf603e57e55c373fc59afc127,85
0x5798c613a3c8e6a36b411b7f5a682cd854f39d31,85
0x57961bf2b99c557db4a79faa836db2eab687c914,85
0x578cf8c239bf1225da4bf95ae08f82955d2a2c14,85
0x578cdea91e751ff843757159a62a69ba19542b46,85
0xbae0ea293df8f8b4bb1749c2026272beeba5fd34,85
0xbaf1214208f26dfbaade2dacb429b7a81b226602,85
0xbb00900b914c71d7cc0d6c8865359499b9d0b3b6,85
0x578386906c50d7cb78fee1e4fa817e92872106cc,85
0x57823dddbe4f1d360dd61e22fa4d2c61172f9b26,85
0x577f60c1fd4f7786e20deb4dba9240a900a1416d,85
0x577d2b4d103cc4ed63e14ad5088d386e81759156,85
0xbb012f3a95d3ff2e49f7e3bcae836fabd2141380,85
0x5762644c4fabe6395c857606b7778193fb6a5f6c,85
0x5761ab177fc7d38dcce87950111b34825217b54b,85
0x575f0f46c427ee49dc1fe04874e661db161ac54e,85
0x9d36f3b5108675d836ee71419c794d5b8f715a98,85
0xbb0c6801aaec048bb7a08ebd3e03b7db2bada307,85
0xbb0dae91ba723f8d7f3a8a5f4dedfbf03e213f6e,85
0xbb1376cc1c2f4455a3ba5edd39af4e272a4166af,85
0x574ce096f77fcd8547704d06efe46fdf53983204,85
0x7e73cb5ed6530159f5558da346fe979aaaddbd10,85
0x7e790ca3c053bd46c52eb6c73294ecf80b541ed4,85
0x574207639e524ef42998f1d9fc649a0d1a7cf9d8,85
0x573fb45ac2cd8f378fc6160295811cd8fe382a32,85
0xbb269dda52ec5d7d26abc2cfeaf1641456cab562,85
0x57a6a09bf451110b5d09cb5f0bb463199a42bfe0,85
0x9d3f10f5d553dda3f36e09ab0c3c757ba99e8894,85
0x57a77ed19ada0ff18f76c94844a607ccff4e0b99,85
0x7e443501c41efacc8b1300f1c472d40e7f1c80ce,85
0x7e34d5529e347614ceb4690eb8f3e0cf21458dbd,85
0xba743394ca6c38886c066e45bb9980a09aec7a65,85
0x9d47dfb60adc1cbd15034a14c5454df373cd0e81,85
0x57e95fef87149570fc1f4c8a1baaf57aa45a89c4,85
0x57e63088c51fc593843beb3a69b06f7250a46503,85
0x7e3991c83da05c44e49c0665fe571c5abacee8c7,85
0xba8a7cf38f520f1dca3dda158d6946ce7ee87901,85
0x57db5d6aa783cf29af41330569d24957140fd3eb,85
0xba8bbcfa0743eda38cf7e2863b5831f169715f6d,85
0x57d2d0ea3f5e72a356974beba2ecd8378dd31c67,85
0x7e44003179f7ef31b350cc3a40e0fd85846e0e47,85
0xba93bfc43da6a3daeb15b2cfd408d0f858a4c319,85
0x57ced63f0ff87e8e1a05d4a73f75e0494609962b,85
0x57abba3830751b3f5023710c5fb6c64405270366,85
0x57ce34535d005fae8a345d35dbd818f2ee3803a8,85
0x7e5101363a4dfa0b9eaa77abacc18d73c1ff3064,85
0xbaa0c9a680ac84ae6ca27e779d846223bb60cff7,85
0xbaaeacfed20e4cbdc2fe1d0ecdbbe3590c2673ae,85
0x57bf61b835a8a49fe51aa4614f774d9f01bdda73,85
0xbaaecb418fe3dd87d644f1f31a1f559426c86e59,85
0xbab079c07867f5ec7af21a197e2816c7feea7b45,85
0xbab660062f9dc035756b22be16ef186411a37229,85
0xbab7f9c58e19b0636f183e6f98313dc5e9370667,85
0xbaba880a73fa57d43b7478ba9eeda2336d6cb99a,85
0xbabe31056c0fe1b704d811b2405f6e9f5ae5e59d,85
0xbac3919c732e1c0aee6b8d6149a1e773bca12b86,85
0x573b91c28c53a9cf035ae1d9a8b0407366b4c65f,85
0x9d2e9875bd4286efa4fe83f30992c8aa9293cee0,85
0x565dcdcfe95b344d4fce2c649bc292625e5c20f9,85
0x57399c12be7a429694e4e8aa860b12421b733843,85
0x9d14f0096d3a7b5090b0e08860834684d48b021d,85
0xbbad79b0033de083e72c768609f3b75faec55e44,85
0xbbadb47c8932487f8aa2f58feaaf0676732cf55b,85
0x56be21efb723d2db327845a9cf6946ba56858fb2,85
0x56acab082ddfc2b324d5025eebf6b39dbffbbb0c,85
0x56aaff9992749f0a97ea83e98a9c4523c9f49b95,85
0x56a7f5133d585faff929339fe69b11c3083c5e4a,85
0x56a50408ee05a83c238ff55f6641718ecdc303c4,85
0x5695f95810edc148efc51fa6881ccaeb125800bb,85
0xbbb7dba7c8e34c3cc1554ab8b890e699bcce6692,85
0x5691c72bc5e289ce81d10f349778094981399f6a,85
0x7eb0586d74c6b63125d31c883bfb42a1d9cce799,85
0xbbbdfbe1a7207fdd7574ca235055f2ef6b572d68,85
0x9d028bbd0ba63157f1736a8cb028150d12dcf8b3,85
0x7eb5f8d32d395bbc1ae4343fbf1a4f016cbcbcb4,85
0x9cfd5052dc827c11a6b3ab2bb5091773765ea2c8,85
0x5682cddb3bbb1731ceb8c4cd761eac9f31b84d27,85
0x568238900d9e830fed95610f0c94a029cf18f559,85
0xbbd6d2181d9ebcd98421cd336ace3db6984f4cdb,85
0xbbdc3b1059720275b643cb74abf5dd103a86904e,85
0xbbdeddecbee8fa2eeddf0c17c727da6f7580c27f,85
0xbbe3b303d3c8cc90601784ab20f372edeb68305f,85
0x9cfadcd826c12d18313dc36b316d651f0cbcac9f,85
0x566a08de00547a584f8c44541d924b93de12f904,85
0x5668ead1edb8e2a4d724c8fb9cb5ffeabeb422dc,85
0xbbec95fce30d33d1972d412108a053030e31b654,85
0xbbf02212829fd49685df5933db322d7b904ad9f7,85
0xbba03ac718c1e7951c3e21bb7b8160fa0c130651,85
0x56c935cac3d870b385724cae5eb8eea1505c777f,85
0x9d166593ef1642c621df086310247cf3690835a1,85
0x7e8f25053e95770fed47b6927959ef4778d3724c,85
0x5739313c36ea581928a6389213bb141530032fd0,85
0xbb3afce29e3d52127fab79f4eba64be9e557c0e3,85
0x7e8c2d8dafc7c42670de82d088de388668d13941,85
0xbb40ba744a10c100174eb6384a805b529b4ff05f,85
0x5725e5a918eedc6f750ffac876230a09fdfabdd4,85
0x571d1bd68fc7e4cc2005f41376f46e222d08cd7d,85
0x9d23f8199acee2903035dd16c3f349af6dd40cf3,85
0xbb4fd9ed2d362d76a5001d9ab6c1d8630f59be0f,85
0xbb69c763fe94a83562eaee995e6cf9f09889769d,85
0xbb6d1a9ca8e7f56a385c0808e68627d93193dcdc,85
0xbb74a74275ca79b0f808c7a03c65e89735c9fc40,85
0xbb76b75e7e0e45d08c203378da2a1d40a54e4d17,85
0x56ff547bc979402a08218c94da0d3682f47f8511,85
0x56cc7baf889c16f7640b5326d97a89a78bcbd015,85
0xbb7a17a844f70832f7df1afb16d2d26eafabd5c9,85
0x56f9933e5e21c02c552b5b74c9caf5e6f40e1ead,85
0x56f92b80813c00833dd03d1d1c62f44a3d414bf1,85
0x9d204c1988afeec88aca81c6af6d74833189e392,85
0x56df0430e1355132a9ffc536a36c92c6865ec896,85
0x56dea299512cc421187974ad7dcd061f1d0fdb98,85
0xbb9250c4d860d15da0015f6cfe041aba4ccdf453,85
0x56d8c11e95d4f6cbe72685cc1714dd2446cf0296,85
0x56d55bef9915d1a476847746169e5de1fba69f56,85
0x9d1a52b091c46f1364b7575a15091eb75cd90ba0,85
0x56d3d8fdcb421670bc67b65aeaf0368420493033,85
0x56d14fcb4587b5845fa4823af790672ebf92580d,85
0xbd5cfbeb65aa86b094f93d6aec608c011f4909d0,85
0xbd667949383af4357fbe9df9e8e49af5340ca00f,85
0x546e1fdbe7776728103cc7b47ba1c542682f08ae,85
0xbf63f97613f796e1de3446e64b529c79e5cc40b2,85
0xbf33fe4439ef241111c47d022d0222071d4bfe21,85
0xbf348b9d0e75e185cfbb013b3418bb7571aff3e3,85
0xbf3ff999c0b27d73d89705bfe09d9011892b77f7,85
0xbf42aa5f52b52c3ac7e23695af1ae1a1f1d33972,85
0x7fa122e4efea5f569af5099d5e9ed41f38a74aff,85
0x5273bac49574cb3a50b222d76d2db15a34acda48,85
0xbf45405c88e6df47f5fc264f5da4a5a9681c2764,85
0x5265953b7bd403a51eb79971caa7bd62259e0fd8,85
0xbf49b454818783d12bf4f3375ff17c59015e66cb,85
0x7fabadbdf7c144c9e76ab630c8f3073ffeb5176e,85
0x525b204117240f93454488ffb7b8b186a25ee739,85
0xbf4cb3873870e8460288a3012fd5374ebc57d168,85
0x524802b34cb508be2062d02a6e1cf577c2e66fba,85
0xbf4d7d899aa90f5e5e54ec26bcbe351f582f2a7f,85
0x523f606f552b9a5e238a7acfc0a64ac0dc2e017d,85
0x523e7c289d89e946a7e9ffec299e06f71ab3bc30,85
0x523e23dee436147b1c7912544273a1adb46c3b86,85
0x523c8b962707252201fc9289289081507f58af4d,85
0x5236a53105c1f4f8b436578b5ce8fafb73625034,85
0xbf50a053ba4b4c7ef22f2d8e17e4c0410c0ebc98,85
0x522b8a809836a42374b6b34772767cb62fd1e272,85
0x522a4cd34388741cea9f981b1988372f20250f7f,85
0xbf50ed1b1091663d56994c9c8125b182de513e87,85
0x9c5d8b15d520047791e78d5746624fb761305879,85
0xbf5847d7281a7307e3a0baf805090dd34d61344b,85
0xbf58a83827887a0e4c98cd641aef095ab735ecd1,85
0xbf5b9bd197e9dbf3f2ce58e5b1c35b1bf383b5cc,85
0xbf291b47a4c565cb966ec95b3e518537c6a13951,85
0x7f9fbcd2be9f9b423d07984b2e3ac3bde5691c6c,85
0x5292abaa405e1b51fe830b1040cdd10b07271d11,85
0xbeefdbfb1747399fed162c3b588d43a094353bd5,85
0xbedeb151c4c0151e432c6d40d67135adbeadb175,85
0x7f8919fde017c5ff8408e4def990bc81f20d3ca4,85
0xbee21365a462b8df12cfe9ab7c40f1bb5f5ed495,85
0x52cfe6a9c5592a080a9849cb98e4a4aded23c5b8,85
0x7f892f468063c39123681e7712a84be3f8cc5f05,85
0x52caa94008d72838548677714eebab96ca69c3c7,85
0x52ca1c0b2e8fa89ea8787fbea3a5581cf688f366,85
0xbee5b06815c0ed11e353120e845575c2ed5ed376,85
0x52c823650d838850a63c10f0fb3a183ec1f71869,85
0x52c72f8333bca27b9e489e729da979047e0dab6d,85
0x52c59a4e87fbe00796d194e0aeeca2936cf78746,85
0x7f8bbefb938d2b2d29dbd2342684d6676db4519a,85
0xbef33200077a2a2ac3613ab92488b41ffc39ace2,85
0x7f9f76d38dc25d631bb0103b72155fced4c36059,85
0xbef9124b9a1593982bb126bd97c1b8996caebade,85
0xbefbb8d585c10a9687abbaab82af1872ed4d8d12,85
0xbf057af2c08cd61c9449de0b3efe826a438f2393,85
0x52af787439a82f36d6ef6b0da0f0e5ecce29ff90,85
0x52af03d321d9ef9719080cfb133917d1b6d9f247,85
0x9c6a830d7418adca0c7fbc037f717008189d7b23,85
0x9c678654f46870414881270ea7bb78ab7633fc4d,85
0x52a77dcf83cf38f62f6857bb01c5c3c8ae11f4af,85
0x7f9c00a1d7e86f108ac57eee098db4ea3621757a,85
0xbf112617bf6de09aa276249356a74e456226fe4e,85
0xbf1533fc0446eab1e968479aeedcea18a1d409d5,85
0x7f9c03060e9ebcb0be7c6d9d7b3ad5463930de92,85
0x5219c454c1c6987617b55b54def2dd54c8e77983,85
0x9c5d4a9b76b247c5c910d69f17a7de87bdf65c39,85
0x52e30aa97dee5a04507b1fdbddb470d720512e37,85
0x7fbd67f5bd81e91f970182e3705156ccca980fbb,85
0x51b9d5d8b4c1b86f4dae48336bb89c7843b93dd0,85
0x7fcd2d4526bfa8a354c6363656936d36d1b7fe42,85
0xbfcc454ff5bc4867958a75e60bcf08b7c76659c5,85
0xbfcfb079bbead8d88d4ce24622f44442b0bdfa55,85
0xbfd111bc148650376a371991b68d071a2905ceeb,85
0x7fd3812bb29bac39e0e66b0188c0dcca26a921a6,85
0x519048eacf7ce914aaffa581135a0b9b2403517f,85
0x518e5a942ed7db4b45e9a491ce318373346db240,85
0xbfdf5d9d1777f3bea723a791c2c31663ceb0d36c,85
0xbfe6b0d4218f5594dc84bbe89abc4f48ea3f7a1e,85
0xbfe6d2f0e589848ea0907bfb05dcdbd46bdb1b6b,85
0x516ebae4c8a43b9695b9c53c38382881111f15b4,85
0xbfe96baacdc1776e106e9ebc20153e5ce6c1fdc3,85
0x9c3bcb805cd36c8e060d1100dff10325ff4fcdb4,85
0xbfee0a6fcb63b6993e09c4e4229365afc3460c28,85
0x51649fa7b46e45d3b1dec5976d7a0f0df54c64fa,85
0x515d82a74a9aade721801da71fd35f09799cffaf,85
0x7fd8a3e656c90a0e3cd703e4ba46aa4c9d9e84fb,85
0x515491350701b46a54c666d18822fd7e3c44ebd8,85
0x51524fbdf9417ca6a470695a091a954d67d5c507,85
0x514ff09b761af21ba3c88aeb6c30d5c2d7950258,85
0xbff5239a2a3b5eedf2e0ad2f40f9652627326c37,85
0xbff7d223693f7a5ca8a348701565e951ab06e7a3,85
0xc000db09a04c6effc246009ab835d8f23486b95c,85
0xc00119abd3b5811bdddf949ef47a1b015ba2c983,85
0xc6757b3da43c054f6767ba5bc59260f186d52c61,85
0xc0017234052f0fd52f84da3a44469bdf8a4987db,85
0x51ba007818d8af72883d799233789a0d8d6dab69,85
0x9c57714a1ef0a67c7bfb04c6d981fe3b076b9bcb,85
0x51c189a5d9ddeb804f7ee011ec984fece6de7844,85
0xbf7dc4232ed26f8ccda1051deb1fba47b72d85a1,85
0x521230576ffe836ec6772663d707141663e5f523,85
0xbf708ce00c8825ae23ce0d712cebdb7621d670cb,85
0xbf7208f8613df142ddb149f883190e07691a22ba,85
0x521012529f12760f498a26fd67701b1f41f63f07,85
0x520ef574f275bb54bac66781834a3ee20e9b6e3c,85
0xbf7415681cba84971024225036b06300753b9f46,85
0x520e1269a9935f82396c097ecd30b37dcdb283e5,85
0x520cf366149d9226f3fdfd876916ff8509418f80,85
0x5209d0cfcbb805fdbb98fc443782c21fbafe1713,85
0x520632e2a0744d5e412d940607057712962678c9,85
0x5204152242e32ea393db856b722944c7dccfe72b,85
0x51fd2969c5761e2a2e61a3be6e687d4c60cde46c,85
0xbf83e6e40162c655f2ded3431b7b31307275ac95,85
0xbfb7a43169b206e34d582f86c34e80347d170e2e,85
0x7fc0e8b14cf607949d835409400c6a866b229b3c,85
0x7fc1fb13acd5a36b5935f51fcb432350f4a113ff,85
0x51f219df36156557a5c514e13cf0cb252e48ae8d,85
0x7fc823dba1c8b049c92a43eee758311470f6f5a0,85
0xbfa2a22383d1f321813fb173c2ea9c2221adf50a,85
0xbfa4c7eb49c3313762bf5fbecbdc9be3054b08bd,85
0x51eccd4c78d7d8803389e8dea9f346ae3afcdabf,85
0x51e5bff3a0bbf57cdf9a3eb56c1e069d1bee6313,85
0x51e1e84e8269e2134e5e62da15c650ac7ce65a05,85
0x9c580320f47451ca1e71a8d62ee00861082fc2ee,85
0x51db527554f2c85b6850e4378f90e7cfc478302e,85
0x7fcadf36b56db06dac7357b11b3069f7ba2596b6,85
0x52e0b17cc061d1ff9bbf986ef2408a660a2d30ab,85
0xbeda3510c457b9dd50f0e61c2595fb875575651d,85
0x546a5c457bdec70112c149ed280c7b8e8703a713,85
0xbddf6cf9c825b319aef8fa3e6f8c7afbb4aaad22,85
0x5415c6b3038de0db5a0cbad7263248b4ff81de6c,85
0xbd9f5745ca98a864013becb152ebab291bde7906,85
0xbd9f5f8d2f31cf26951cfe9b7f3cc11e68d075fc,85
0x540586c756ecc252d68c5e1d70230007e145fe77,85
0x9cabca80a12779e04a0d63f2002f200cd1120673,85
0x540309ef1b6d2bb7f0f51e9ac32f5ae5e83f1adc,85
0x53fce23d934b88fcce1a89a52c54742dd6766cd5,85
0x53f7ea56b87564ee7bfcfcb16c785ea00c708593,85
0x53f546678190530b10f72cc58174cecb72d3ea22,85
0x53f535eab711f58eb6e82d4d964f575757f21777,85
0xbdb437de29f09aa6535bf59bf5c1070f35340ee6,85
0x53eef249380fc47aa6ceb5931a6600b61ba64858,85
0xbdb5dc555238311f0ad846c01b7ceb1b41d284bc,85
0x53e8f91a988d27f417f7be7aa96f15962a6b36ec,85
0xbdc08ec2a8d9e32bf883355869c5e909680f16e0,85
0xbdc830fdb574af1d8ee47a440f9e9e154e22e978,85
0x53dc735c28993bd9bb9f870691c2b0f823be53a0,85
0xbdcad24c418c6e6999bae6b0d3c774b941c6db8c,85
0x53d51a2199344b0c83ec44e5d8134fb6169c1616,85
0x53ce38e49666ead9cd09856f7478cb330185dabe,85
0xbdcdf642f894226464763e16b46bafce6f38f20c,85
0x53cb751f9c6460702c74e48e3bd1ee6a1d39bfdb,85
0x53cb1ddfefdd43a6a0f6f69ceac8f531b12bb780,85
0x53cad1487424a6e386f7791863b61802100fa091,85
0x7f40bd9b929cc660225bd38bbdbe2e8a202175b9,85
0xbdd7da5fd08cc052c07b12bb5f44566a59698af5,85
0x53c404d148a5c7c164e259f07a87429ad79c00e6,85
0x5416496ece506e49def6d6176710485a597e4f0d,85
0xbd9a720bea29c93cce1b1b622816ae087a9a45f5,85
0xbd98f0b51e01a7c22afa7046d847064a61d3fc3c,85
0xbd8756f58ed396567ca204132d1fed15470173b3,85
0xbd6db2f8f09129c3ec1e7f5d27752d2fe4dc1383,85
0xbd70d89667a3e1bd341ac235259c5f2dde8172a9,85
0x5461c09d7b61e4beffcd782dc333f102ed7f6e24,85
0x545e04abeaa0c6ed0d716b5a0eee9a16a85cf02e,85
0x545de414af3eac927a8ea5d8d3f238b21da80d43,85
0x5459598eae80717bc5ad03c4e80418758c5f2770,85
0x5458be860849079e7aee7a1e781568351ad7d1a1,85
0x54543587cd0412d6ea0e852eb62177bc9306a6db,85
0x5450280e803cd8888d2f1c63aaa65ab4b072dc0d,85
0x7f29f7af0de66bfcd0fff31cbde08897f13f5634,85
0x544796b449577afc47eb105d04a9e390f8f7cf56,85
0x54476ef3cd18350ea068dbbc86dca26d11bc20b2,85
0xbd88331d824701910a9e5a1a92963b68b6c9bd52,85
0x54232d4fff02af44d0a5ff43e96cdc8d154a1659,85
0x9cba7c9d2edb40cae14545ec65a9992c3f8265fd,85
0x5444a43aea36f3cf015aaf24a938ae6baee2614d,85
0x543fed6410ee30413e99edd2f99c49f420ba4a7c,85
0x543ba1096b283a7eff28a9c05188809ed82bebf5,85
0x5439b18a876726890a7683e17b4b06cc94fe2255,85
0x5439039683c80c68d881fb268f276653c96b5945,85
0x543699eb4e7df6263a5e78a14857b179fc2ce8fd,85
0x9cae14839cfa4a3e8ebdb4a841ce5f2de4ff0a9b,85
0x542dc99a37b0455dd7a80a4d498430ce0ce43f15,85
0x542b3fb91575365beb924f15da377b8fc06edc81,85
0xbd9829a7f435436b29467831ee8bcf13bc7ddc00,85
0x542a30688b62c8a6878724268469a61b0eb60b39,85
0x53c3f93d5146b3c1dde50d20e6f0422747fb5b7b,85
0x53c19cf633c65adb9748f884dbd84bd4eded3fba,85
0xbed6fba73912213d547094b077b477a6f52f84c0,85
0xbde63d4bb62833b112b68442919ac3d7c0694c1b,85
0x5344b6f835270829eef6ab84dde0152ede416408,85
0xbe808ea4b07c96f770d221871331fd2ccbab4853,85
0xbe8142866be40a11fe0123debe80b8cfb3d62e73,85
0x7f70277e7f3123fcc652a405170e4259175e0f43,85
0x5339a5773181fee1d2d9634124ee819ebaf5dc60,85
0x5335381bd0c1a98788a6b00d90b9acd67cc37781,85
0x533496a8bb306c59c3fb9bc2ea2447bccb246743,85
0x9c88b3af3e964eb23b68aa2a8553acb4ecd322c0,85
0xbe93b6c65730bd66fc625c857792d4b368d58f1f,85
0x532ea366ffed372dff5384b5d684b860afdff774,85
0x532dc66488b6524dec6ca1fec8784fa8a2951bb8,85
0x9c8425e75bac5788693bfd1ac14afb2ebd756c15,85
0xbe9b0562a6a64758d85cfd8a14155acde0a8228d,85
0x5324702290368d52b192a2cdc45bfeff073f157f,85
0x532352e3972daebd569e2cd2204ad95029c9d0e8,85
0x531cc00c57c276f7305d8a584ecacbc89dae35f6,85
0x7f7c0f57b9d0087666223b0f065e532ba4c1e2a2,85
0xbebad17f0a9f044ab00b674204575a6941d5dd6a,85
0x531b9b2197d718c4c28f71e601ae8f0a45a39146,85
0xbebd4b9034cb7a008deab6d6bcc754f7bf7365c1,85
0xbebe0e16845456074097ac73cbf6c46bbef4c243,85
0xbebf749f8fbfbeaa585cdc535e6ed7924bfef6dd,85
0xbecbb8fa2fbd525066d7aa070dfabfb497ed3d77,85
0x52fbbad249afcc476ce10abda00487953845542f,85
0xbed4e3cd89918563a9ce4b04cf5379daf566bd53,85
0x7f7dc314fc75658d474dbbfe598ebb058ca6aacd,85
0x9c7b9c96d043fd184015a704c262216b87c54ffa,85
0xbe7ea53e5ad3f4e334fb4a67d7851c98b12ac56d,85
0x5350b6ccc9c3b3f9e56c50ed12bd28e869c6ef57,85
0x53532bca7c9a66cffbdff2231f9974d8f056e314,85
0x53884d6d5edc031cf063c36103710583631f0f3c,85
0x53b794b260dc9b9417ef4b7a015773e1b4a46bd7,85
0x53b5277c1da6b9d63c0bf3c4b3f929fc3ec13976,85
0xbde844b1a1e975ceaf8b7d46c8a25becb7cfd447,85
0x7f4bef1d9000bc52024baf147e62cbd0166fcd37,85
0xbdeb829c34a5acc74f1089b3fade1da17b9c93da,85
0x53a2926cc8657e3c2c9f89093324389bd4994fca,85
0x7f4ecc370899241d41f769aa611dd985333796ff,85
0x9c97c887c4827cc56e5b8326ac89de50a733c3d4,85
0x7f517b33eaa9c5cf3beba046c2aa51c2fc8bcc32,85
0x7f5c35690c01da1efb99087b8331de6c445b297c,85
0x7f5dcb103fec40f9ed4509753706f2f8a709ec3f,85
0x538c273c71ceb8a6a0ae1fef1f8c2b0547a49c56,85
0xbe2c1ec82119b12be5d0b7921987c2a6fe0a91fa,85
0x535574b576dc7057efda800056a257801e33632c,85
0x7f5f588ed0438a9b98e11575004326ac3c5417ad,85
0x53833bd30dcf935ffca075da479401c1a51ce794,85
0x9c8bcf50c240d04cf4123082569fbdbf61a0b47a,85
0xbe585d06cd6b956ca68ed89437c9d41292ab0612,85
0xbe5a215ffddadb3de69c7c41ddafe2129464a2d4,85
0xbe5d8cf3a99a5ed6bbe252004d4e01fb1e3ebe9b,85
0x536f374575f7ffd33c221367de8418e7a1c87284,85
0x5365f77de439a2f889b79af5654555845afe3731,85
0x7f69b56ae196441e6fee221d2507c7a6a7b7ded7,85
0x53598db6020bed0c46945723ea30491a73a9c25a,85
0xbe78e76903d92c9bb9339723a78644de774bd8a5,85
0xbe796b68a713c31363cbf72e891d716489f125f1,85
0x496626de392519228e2a670e5e410565b155a449,85
0xc67edebb265335ee69ac5560fb887b293ff029c3,85
0xc677279dd7a6a9496ba7f2073ddacea21e78bb38,85
0x8352c3bde58e602a3e18652616b17e62f5d81f00,85
0xcd7d65cd9b16ec26d55589a288016bd54c6275d2,85
0xcd813bc6cc37214897d5bc60417abcf6901afa49,85
0x3f5bdd002ab722d5eadefd7580c214dd7f5b5b6f,85
0xcd861fc46967226afd337820d8ab761649da9bfb,85
0x3f431a19020b7799c5b102e94d3fc4d9172904e1,85
0x835350ba55d089153a7410bce023197c862056ab,85
0x83539c51899366bbe7eb4dc3085dcc091c5e062d,85
0xcd8c4106ff54e8ad03f6e3dfc0fee679ac17322c,85
0x835764e98e729966ecc0f469175131e4d3b97bc0,85
0x3f354011f11ee2e04accd8b7e2747c598c0cf9fd,85
0xcd8cb928ab917f9c0eb1f20b7090116c2afefa46,85
0x3f2a9949caea41a7af313b90f40834be5f4dd6a1,85
0x3f27a3a5bb370edc38d02f530d66c4f9e06889bf,85
